[
  {
    "value": "Montgomery",
    "synonyms": [
      "Montgomery"
    ]
  },
  {
    "value": "Juneau",
    "synonyms": [
      "Juneau"
    ]
  },
  {
    "value": "Phoenix",
    "synonyms": [
      "Phoenix"
    ]
  },
  {
    "value": "Little Rock",
    "synonyms": [
      "Little Rock"
    ]
  },
  {
    "value": "Sacramento",
    "synonyms": [
      "Sacramento"
    ]
  },
  {
    "value": "Denver",
    "synonyms": [
      "Denver"
    ]
  },
  {
    "value": "Hartford",
    "synonyms": [
      "Hartford"
    ]
  },
  {
    "value": "Dover",
    "synonyms": [
      "Dover"
    ]
  },
  {
    "value": "Tallahassee",
    "synonyms": [
      "Tallahassee"
    ]
  },
  {
    "value": "Atlanta",
    "synonyms": [
      "Atlanta"
    ]
  },
  {
    "value": "Honolulu",
    "synonyms": [
      "Honolulu"
    ]
  },
  {
    "value": "Boise",
    "synonyms": [
      "Boise"
    ]
  },
  {
    "value": "Springfield",
    "synonyms": [
      "Springfield"
    ]
  },
  {
    "value": "Indianapolis",
    "synonyms": [
      "Indianapolis"
    ]
  },
  {
    "value": "Des Moines",
    "synonyms": [
      "Des Moines"
    ]
  },
  {
    "value": "Topeka",
    "synonyms": [
      "Topeka"
    ]
  },
  {
    "value": "Frankfort",
    "synonyms": [
      "Frankfort"
    ]
  },
  {
    "value": "Baton Rouge",
    "synonyms": [
      "Baton Rouge"
    ]
  },
  {
    "value": "Augusta",
    "synonyms": [
      "Augusta"
    ]
  },
  {
    "value": "Annapolis",
    "synonyms": [
      "Annapolis"
    ]
  },
  {
    "value": "Boston",
    "synonyms": [
      "Boston"
    ]
  },
  {
    "value": "Lansing",
    "synonyms": [
      "Lansing"
    ]
  },
  {
    "value": "St. Paul",
    "synonyms": [
      "St. Paul"
    ]
  },
  {
    "value": "Jackson",
    "synonyms": [
      "Jackson"
    ]
  },
  {
    "value": "Jefferson City",
    "synonyms": [
      "Jefferson City"
    ]
  },
  {
    "value": "Helena",
    "synonyms": [
      "Helena"
    ]
  },
  {
    "value": "Lincoln",
    "synonyms": [
      "Lincoln"
    ]
  },
  {
    "value": "Carson City",
    "synonyms": [
      "Carson City"
    ]
  },
  {
    "value": "Concord",
    "synonyms": [
      "Concord"
    ]
  },
  {
    "value": "Trenton",
    "synonyms": [
      "Trenton"
    ]
  },
  {
    "value": "Santa Fe",
    "synonyms": [
      "Santa Fe"
    ]
  },
  {
    "value": "Albany",
    "synonyms": [
      "Albany"
    ]
  },
  {
    "value": "Raleigh",
    "synonyms": [
      "Raleigh"
    ]
  },
  {
    "value": "Bismarck",
    "synonyms": [
      "Bismarck"
    ]
  },
  {
    "value": "Columbus",
    "synonyms": [
      "Columbus"
    ]
  },
  {
    "value": "Oklahoma City",
    "synonyms": [
      "Oklahoma City"
    ]
  },
  {
    "value": "Salem",
    "synonyms": [
      "Salem"
    ]
  },
  {
    "value": "Harrisburg",
    "synonyms": [
      "Harrisburg"
    ]
  },
  {
    "value": "Providence",
    "synonyms": [
      "Providence"
    ]
  },
  {
    "value": "Columbia",
    "synonyms": [
      "Columbia"
    ]
  },
  {
    "value": "Pierre",
    "synonyms": [
      "Pierre"
    ]
  },
  {
    "value": "Nashville",
    "synonyms": [
      "Nashville"
    ]
  },
  {
    "value": "Austin",
    "synonyms": [
      "Austin"
    ]
  },
  {
    "value": "Salt Lake City",
    "synonyms": [
      "Salt Lake City"
    ]
  },
  {
    "value": "Montpelier",
    "synonyms": [
      "Montpelier"
    ]
  },
  {
    "value": "Richmond",
    "synonyms": [
      "Richmond"
    ]
  },
  {
    "value": "Olympia",
    "synonyms": [
      "Olympia"
    ]
  },
  {
    "value": "Charleston",
    "synonyms": [
      "Charleston"
    ]
  },
  {
    "value": "Madison",
    "synonyms": [
      "Madison"
    ]
  },
  {
    "value": "Cheyenne",
    "synonyms": [
      "Cheyenne"
    ]
  },
  {
    "value": "New Orleans",
    "synonyms": [
      "New Orleans"
    ]
  },
  {
    "value": "New York",
    "synonyms": [
      "New York"
    ]
  },
  {
    "value": "new hampshire",
    "synonyms": [
      "new hampshire"
    ]
  },
  {
    "value": "new bronze field",
    "synonyms": [
      "new bronze field"
    ]
  }
]