[
  {
    "value": "Alabama",
    "synonyms": [
      "Alabama"
    ]
  },
  {
    "value": "Alaska",
    "synonyms": [
      "Alaska"
    ]
  },
  {
    "value": "Arizona",
    "synonyms": [
      "Arizona"
    ]
  },
  {
    "value": "Arkansas",
    "synonyms": [
      "Arkansas"
    ]
  },
  {
    "value": "California",
    "synonyms": [
      "California"
    ]
  },
  {
    "value": "Colorado",
    "synonyms": [
      "Colorado"
    ]
  },
  {
    "value": "Connecticut",
    "synonyms": [
      "Connecticut"
    ]
  },
  {
    "value": "Delaware",
    "synonyms": [
      "Delaware"
    ]
  },
  {
    "value": "Florida",
    "synonyms": [
      "Florida"
    ]
  },
  {
    "value": "Georgia",
    "synonyms": [
      "Georgia"
    ]
  },
  {
    "value": "Hawaii",
    "synonyms": [
      "Hawaii"
    ]
  },
  {
    "value": "Idaho",
    "synonyms": [
      "Idaho"
    ]
  },
  {
    "value": "Illinois",
    "synonyms": [
      "Illinois"
    ]
  },
  {
    "value": "Indiana",
    "synonyms": [
      "Indiana"
    ]
  },
  {
    "value": "Iowa",
    "synonyms": [
      "Iowa"
    ]
  },
  {
    "value": "Kansas",
    "synonyms": [
      "Kansas"
    ]
  },
  {
    "value": "Kentucky",
    "synonyms": [
      "Kentucky"
    ]
  },
  {
    "value": "Louisiana",
    "synonyms": [
      "Louisiana"
    ]
  },
  {
    "value": "Maine",
    "synonyms": [
      "Maine"
    ]
  },
  {
    "value": "Maryland",
    "synonyms": [
      "Maryland"
    ]
  },
  {
    "value": "Massachusetts",
    "synonyms": [
      "Massachusetts"
    ]
  },
  {
    "value": "Michigan",
    "synonyms": [
      "Michigan"
    ]
  },
  {
    "value": "Minnesota",
    "synonyms": [
      "Minnesota"
    ]
  },
  {
    "value": "Mississippi",
    "synonyms": [
      "Mississippi"
    ]
  },
  {
    "value": "Missouri",
    "synonyms": [
      "Missouri"
    ]
  },
  {
    "value": "Montana",
    "synonyms": [
      "Montana"
    ]
  },
  {
    "value": "Nebraska",
    "synonyms": [
      "Nebraska"
    ]
  },
  {
    "value": "Nevada",
    "synonyms": [
      "Nevada"
    ]
  },
  {
    "value": "New Hampshire",
    "synonyms": [
      "New Hampshire"
    ]
  },
  {
    "value": "New Jersey",
    "synonyms": [
      "New Jersey"
    ]
  },
  {
    "value": "New Mexico",
    "synonyms": [
      "New Mexico"
    ]
  },
  {
    "value": "New York",
    "synonyms": [
      "New York"
    ]
  },
  {
    "value": "North Carolina",
    "synonyms": [
      "North Carolina"
    ]
  },
  {
    "value": "North Dakota",
    "synonyms": [
      "North Dakota"
    ]
  },
  {
    "value": "Ohio",
    "synonyms": [
      "Ohio"
    ]
  },
  {
    "value": "Oklahoma",
    "synonyms": [
      "Oklahoma"
    ]
  },
  {
    "value": "Oregon",
    "synonyms": [
      "Oregon"
    ]
  },
  {
    "value": "Pennsylvania",
    "synonyms": [
      "Pennsylvania"
    ]
  },
  {
    "value": "Rhode Island",
    "synonyms": [
      "Rhode Island"
    ]
  },
  {
    "value": "South Carolina",
    "synonyms": [
      "South Carolina"
    ]
  },
  {
    "value": "South Dakota",
    "synonyms": [
      "South Dakota"
    ]
  },
  {
    "value": "Tennessee",
    "synonyms": [
      "Tennessee"
    ]
  },
  {
    "value": "Texas",
    "synonyms": [
      "Texas"
    ]
  },
  {
    "value": "Utah",
    "synonyms": [
      "Utah"
    ]
  },
  {
    "value": "Vermont",
    "synonyms": [
      "Vermont"
    ]
  },
  {
    "value": "Virginia",
    "synonyms": [
      "Virginia"
    ]
  },
  {
    "value": "Washington",
    "synonyms": [
      "Washington"
    ]
  },
  {
    "value": "West Virginia",
    "synonyms": [
      "West Virginia"
    ]
  },
  {
    "value": "Wisconsin",
    "synonyms": [
      "Wisconsin"
    ]
  },
  {
    "value": "Wyoming",
    "synonyms": [
      "Wyoming"
    ]
  }
]