[
  {
    "id": "18504204-6a37-41fd-a920-518af0dff9fa",
    "data": [
      {
        "text": "I don\u0027t want to play anymore",
        "userDefined": false
      }
    ],
    "isTemplate": false,
    "count": 0,
    "updated": 0
  },
  {
    "id": "9dc1b9ef-485d-48cf-a6af-3b18a66349cd",
    "data": [
      {
        "text": "No more",
        "userDefined": false
      }
    ],
    "isTemplate": false,
    "count": 0,
    "updated": 0
  },
  {
    "id": "a7c058cf-4428-4eb8-9aa9-13a1903f7272",
    "data": [
      {
        "text": "Fuck off",
        "userDefined": false
      }
    ],
    "isTemplate": false,
    "count": 0,
    "updated": 0
  },
  {
    "id": "1d121770-d71a-4470-bdfc-c254b8b00423",
    "data": [
      {
        "text": "Bye Bye",
        "userDefined": false
      }
    ],
    "isTemplate": false,
    "count": 0,
    "updated": 0
  },
  {
    "id": "e892d3b0-797c-4eca-a4b3-8cf65c730865",
    "data": [
      {
        "text": "Exit",
        "userDefined": false
      }
    ],
    "isTemplate": false,
    "count": 0,
    "updated": 0
  }
]