[
  {
    "id": "c15e23e5-202a-43f8-9b7c-75d0011f4f00",
    "data": [
      {
        "text": "What can I do?",
        "userDefined": false
      }
    ],
    "isTemplate": false,
    "count": 0,
    "updated": 1496812327
  },
  {
    "id": "189ca805-9b82-485e-bd38-d024688e96a3",
    "data": [
      {
        "text": "How to play?",
        "userDefined": false
      }
    ],
    "isTemplate": false,
    "count": 0,
    "updated": 1496812327
  },
  {
    "id": "46e3eb2c-e49c-4ee0-9b2b-70213dcb0e06",
    "data": [
      {
        "text": "Help",
        "userDefined": false
      }
    ],
    "isTemplate": false,
    "count": 0,
    "updated": 0
  }
]