[
  {
    "id": "2a7528cd-e4a9-466c-beeb-b63a8d9f7ecd",
    "data": [
      {
        "text": "Reset",
        "userDefined": false
      }
    ],
    "isTemplate": false,
    "count": 0,
    "updated": 1497890732
  },
  {
    "id": "49062e2e-457b-446a-971e-18be1d074a93",
    "data": [
      {
        "text": "Start over",
        "userDefined": false
      }
    ],
    "isTemplate": false,
    "count": 0,
    "updated": 0
  },
  {
    "id": "8878fa00-3a6b-4d7e-bd43-dc19eb809c4a",
    "data": [
      {
        "text": "New game",
        "userDefined": false
      }
    ],
    "isTemplate": false,
    "count": 0,
    "updated": 0
  },
  {
    "id": "b8a9692c-13ee-4d9e-b80e-9698aace4e15",
    "data": [
      {
        "text": "Restart",
        "userDefined": false
      }
    ],
    "isTemplate": false,
    "count": 0,
    "updated": 0
  }
]