[
  {
    "id": "b4355aeb-67c0-412b-ba2f-b8b881ef9286",
    "data": [
      {
        "text": "new bronze field",
        "alias": "Capital",
        "meta": "@Capital",
        "userDefined": true
      }
    ],
    "isTemplate": false,
    "count": 0,
    "updated": 1498452590
  },
  {
    "id": "321418e6-c8dd-45dc-86cc-50cbe9406158",
    "data": [
      {
        "text": "new hampshire",
        "alias": "Capital",
        "meta": "@Capital",
        "userDefined": true
      }
    ],
    "isTemplate": false,
    "count": 0,
    "updated": 1498001722
  },
  {
    "id": "31612deb-af2f-45d0-aa3a-210d22be5040",
    "data": [
      {
        "text": "New York",
        "alias": "Capital",
        "meta": "@Capital",
        "userDefined": true
      }
    ],
    "isTemplate": false,
    "count": 0,
    "updated": 1498001722
  },
  {
    "id": "513added-bfb4-49b4-a898-275d271adcf9",
    "data": [
      {
        "text": "New Orleans",
        "alias": "Capital",
        "meta": "@Capital",
        "userDefined": true
      }
    ],
    "isTemplate": false,
    "count": 0,
    "updated": 1498001722
  },
  {
    "id": "ca513f40-dcd2-49cf-998f-259deb0acd43",
    "data": [
      {
        "text": "Austin",
        "alias": "Capital",
        "meta": "@Capital",
        "userDefined": true
      }
    ],
    "isTemplate": false,
    "count": 0,
    "updated": 1496817908
  }
]