[
  {
    "id": "589e7011-f6d3-495a-92c4-2de4aa9b4073",
    "data": [
      {
        "text": "Repeat",
        "userDefined": false
      }
    ],
    "isTemplate": false,
    "count": 0,
    "updated": 0
  },
  {
    "id": "6e26dedd-7d84-445e-a394-b9b347619641",
    "data": [
      {
        "text": "Say that again",
        "userDefined": false
      }
    ],
    "isTemplate": false,
    "count": 0,
    "updated": 0
  },
  {
    "id": "f3fa111b-74b4-47e3-a871-07a831cb715d",
    "data": [
      {
        "text": "What did you say?",
        "userDefined": false
      }
    ],
    "isTemplate": false,
    "count": 0,
    "updated": 0
  }
]