[
  {
    "id": "fe0ef0de-b128-4464-a3ce-992aa68726a7",
    "data": [
      {
        "text": "tell me",
        "userDefined": false
      }
    ],
    "isTemplate": false,
    "count": 0,
    "updated": 1499474960
  },
  {
    "id": "ebdd0b22-9f35-4132-b60c-6cd707546514",
    "data": [
      {
        "text": "tell",
        "userDefined": false
      }
    ],
    "isTemplate": false,
    "count": 0,
    "updated": 1499474960
  },
  {
    "id": "033aef7e-c7f9-45d5-8d98-fb85d0d96119",
    "data": [
      {
        "text": "next question",
        "userDefined": false
      }
    ],
    "isTemplate": false,
    "count": 0,
    "updated": 1498000929
  },
  {
    "id": "d879e8d6-9438-47c2-b1ac-c23c82d5ae67",
    "data": [
      {
        "text": "pass",
        "userDefined": false
      }
    ],
    "isTemplate": false,
    "count": 1,
    "updated": 1498000929
  },
  {
    "id": "46ea9466-66d5-4a7e-8fb9-07966717eff5",
    "data": [
      {
        "text": "don\u0027t know",
        "userDefined": false
      }
    ],
    "isTemplate": false,
    "count": 0,
    "updated": 1497081527
  },
  {
    "id": "9abd71b9-9ea0-4c8b-9d90-482332ae60dd",
    "data": [
      {
        "text": "I don\u0027 t know",
        "userDefined": false
      }
    ],
    "isTemplate": false,
    "count": 0,
    "updated": 0
  },
  {
    "id": "ced30c30-e6d0-4d6a-a29e-6eb8fe637b51",
    "data": [
      {
        "text": "You tell me.",
        "userDefined": false
      }
    ],
    "isTemplate": false,
    "count": 0,
    "updated": 0
  },
  {
    "id": "b4e62e01-b4e6-48a3-a541-8e6d5a7de3f8",
    "data": [
      {
        "text": "I give up.",
        "userDefined": false
      }
    ],
    "isTemplate": false,
    "count": 0,
    "updated": 0
  },
  {
    "id": "7238b0b0-9c95-491e-8291-fa5b1656b317",
    "data": [
      {
        "text": "What is the capital?",
        "userDefined": false
      }
    ],
    "isTemplate": false,
    "count": 0,
    "updated": 0
  },
  {
    "id": "6e4e3849-fe6b-47c6-9149-e8265b9138bb",
    "data": [
      {
        "text": "What is it?",
        "userDefined": false
      }
    ],
    "isTemplate": false,
    "count": 0,
    "updated": 0
  },
  {
    "id": "6a1e1ce6-8fa5-4d66-b0db-501774526d29",
    "data": [
      {
        "text": "Tell me the answer.",
        "userDefined": false
      }
    ],
    "isTemplate": false,
    "count": 0,
    "updated": 0
  }
]