[
  {
    "id": "d93e5fea-fa92-48b8-9f2b-bf90fd0b1bfc",
    "data": [
      {
        "text": "How many are left?",
        "userDefined": false
      }
    ],
    "isTemplate": false,
    "count": 0,
    "updated": 1496912273
  },
  {
    "id": "51180d48-ec0e-450a-b080-164cd1d54314",
    "data": [
      {
        "text": "How many did I get wrong?",
        "userDefined": false
      }
    ],
    "isTemplate": false,
    "count": 0,
    "updated": 1496912273
  },
  {
    "id": "27e73fd6-f33a-4b6f-8997-1aed690f50ce",
    "data": [
      {
        "text": "How many did I get right?",
        "userDefined": false
      }
    ],
    "isTemplate": false,
    "count": 0,
    "updated": 1496912273
  },
  {
    "id": "10be3ac5-eaf9-494b-bdb0-a20690de9d8d",
    "data": [
      {
        "text": "How many have I gotten right?",
        "userDefined": false
      }
    ],
    "isTemplate": false,
    "count": 0,
    "updated": 1496912273
  },
  {
    "id": "918206a4-b594-4076-9dbf-0bcb1cf9615c",
    "data": [
      {
        "text": "What\u0027s the score?",
        "userDefined": false
      }
    ],
    "isTemplate": false,
    "count": 0,
    "updated": 1496912273
  }
]